date,minute,label,high,low,average,volume,notional,numberOfTrades,marketHigh,marketLow,marketAverage,marketVolume,marketNotional,marketNumberOfTrades,open,close,marketOpen,marketClose,changeOverTime,marketChangeOverTime
20181123,09:30,09:30 AM,260.98,258.95,260.022,1433,372611.55,17,262.62,258.895,260.32,298946,77821612.0501,1237,258.95,260.98,260.1,262.6,0,0
20181123,09:31,09:31 AM,263.235,262.28,262.803,449,117998.78,8,263.78,261.79,262.969,95841,25203216.3812,613,262.74,262.28,262.335,262.7,0.010695248863557723,0.010175937307928706
20181123,09:32,09:32 AM,263.17,262.125,262.833,500,131416.5,5,263.32,261.194,262.782,46491,12217003.7654,458,263.01,262.125,262.68,261.23,0.010810623716454899,0.009457590657652079
20181123,09:33,09:33 AM,261.52,260.335,260.974,400,104389.5,4,261.884,260.11,261.084,39350,10273667.0748,426,261.52,260.335,261.469,261.308,0.003661228665266778,0.002934849416103296
20181123,09:34,09:34 AM,262.81,261.64,262.183,436,114311.92,5,263,260.69,262.127,58711,15389768.9817,381,261.64,262.18,261.473,262.781,0.008310835237018411,0.0069414566687154905
20181123,09:35,09:35 AM,263.5,262.76,263.216,902,237421.02,14,263.88,261.814,263.202,51480,13549635.0708,472,262.76,263.43,262.786,263.63,0.012283576005107325,0.01107098955132147
20181123,09:36,09:36 AM,263.44,262.525,263.08,414,108915,5,263.63,262.38,263.057,34732,9136508.8104,401,263.44,263.355,263.3,263.47,0.01176054333864055,0.01051398279041189
20181123,09:37,09:37 AM,264.35,263.265,263.828,701,184943.35,8,264.69,263.022,263.953,50187,13247007.0572,597,263.265,264.35,263.47,264.228,0.014637223004207271,0.013955900430239634
20181123,09:38,09:38 AM,264.795,263.795,264.368,300,79310.5,3,265.15,263.455,264.584,66194,17513854.8985,768,263.795,264.795,264.22,264.88,0.016713970356354475,0.016379840196681046
20181123,09:39,09:39 AM,264.29,263.795,264.029,400,105611.5,4,265.51,263.53,264.429,86781,22947398.453,667,264.29,264.175,264.86,264.26,0.015410234518617675,0.015784419176398206
20181123,09:40,09:40 AM,264.08,263.565,263.96,1603,423128.195,10,264.495,263.4,263.908,37338,9853798.6745,324,263.875,263.565,264.49,263.92,0.015144872356954367,0.013783036263060934
20181123,09:41,09:41 AM,263.72,262.695,263.318,700,184322.5,7,263.92,262.55,263.052,30007,7893402.2505,252,263.72,262.99,263.53,263.03,0.012675850504957243,0.010494775660725368
20181123,09:42,09:42 AM,263.145,262.83,262.953,820,215621.6,8,263.879,262.73,262.969,30930,8133624.2169,237,263.145,262.875,263.139,262.985,0.011272123128042948,0.010175937307928706
20181123,09:43,09:43 AM,263.725,262.93,263.145,642,168939.2,7,263.89,262.76,263.304,30744,8095019.8361,305,262.93,263.725,262.875,263.555,0.012010522186584176,0.011462814996926784
20181123,09:44,09:44 AM,263.245,262.87,263.071,1710,449851.4,9,263.65,262.63,263.06,22238,5849920.038,240,263.245,262.87,263.516,262.66,0.011725930882771593,0.01052550706822376
20181123,09:45,09:45 AM,263.75,263.145,263.546,605,159445.65,6,263.99,262.84,263.559,25014,6592668.6173,271,263.53,263.145,263.01,263.29,0.013552699386974952,0.012442378610940507
20181123,09:46,09:46 AM,264.79,263.375,264.377,418,110509.75,6,264.8,263.22,264.318,39178,10355445.8614,295,263.375,264.79,263.38,264.76,0.01674858281222365,0.015358020897357062
20181123,09:47,09:47 AM,264.7,264.66,264.673,302,79931.4,3,264.953,264.36,264.669,24294,6429859.011,246,264.66,264.7,264.61,264.85,0.01788694802747464,0.016706361401352142
20181123,09:48,09:48 AM,265.22,264.65,264.978,500,132489,5,265.45,264.01,264.958,47532,12594003.4915,487,264.65,265.21,264.67,264.33,0.019059925698594802,0.017816533497234305
20181123,09:49,09:49 AM,264.47,263.585,264.171,490,129443.95,6,264.65,263.416,263.973,21697,5727432.0101,210,263.98,263.585,264.31,263.486,0.015956342155663755,0.014032728948985941
20181123,09:50,09:50 AM,263.15,262.77,262.817,203,53351.95,3,263.587,262.524,262.929,36981,9723377.517,311,263.15,262.855,263.351,262.6,0.01074909046157639,0.010022280270436312
20181123,09:51,09:51 AM,262.81,262.09,262.36,500,131180,5,262.91,262.05,262.511,30118,7906298.1342,249,262.505,262.81,262.902,262.736,0.008991546869111161,0.008416564228641791
20181123,09:52,09:52 AM,262.9,262.67,262.757,282,74097.44,5,263.17,262.408,262.868,25149,6610866.257,245,262.9,262.685,262.89,262.96,0.010518340755782256,0.00978795328826061
20181123,09:53,09:53 AM,263.74,262.83,263.368,448,117988.78,6,263.94,262.72,263.394,26682,7027875.4253,253,262.83,263.58,262.75,263.883,0.012868141926452392,0.01180854333128462
20181123,09:54,09:54 AM,263.4,262.5,262.892,519,136441.11,6,263.591,262.39,262.805,20052,5269765.4611,261,263.4,262.59,263.41,262.6,0.011037527593819003,0.009545943454210256
20181123,09:55,09:55 AM,263.5,263.07,263.252,300,78975.5,3,263.75,262.61,263.11,15968,4201345.34,155,263.07,263.185,262.61,263.25,0.012422025828583805,0.0107175783650892
20181123,09:56,09:56 AM,263.98,263.25,263.659,230,60641.5,3,264.27,263.06,263.691,19745,5206576.1687,239,263.25,263.95,263.28,263.95,0.013987277999553887,0.012949446834664955
20181123,09:57,09:57 AM,263.805,263.79,263.796,270,71224.8,3,264.1,263.56,263.856,9509,2509009.3553,207,263.79,263.79,263.8,263.56,0.014514156494450474,0.013583282114320841
20181123,09:58,09:58 AM,263.585,263.21,263.414,500,131707,6,263.95,263.122,263.461,15111,3981155.3305,195,263.585,263.21,263.95,263.225,0.013045050034227857,0.012065918869084279
20181123,09:59,09:59 AM,263.19,263.1,263.145,200,52629,2,263.37,262.39,262.954,23015,6051876.021,281,263.1,263.19,263.2,262.54,0.012010522186584176,0.01011831591886914
20181123,10:00,10 AM,262.82,262.23,262.459,411,107870.81,5,262.88,262.17,262.529,23179,6085154.5024,242,262.43,262.82,262.583,262.8,0.009372283883671428,0.008485709895513227
20181123,10:01,10:01 AM,262.72,261.625,262.112,700,183478.5,7,262.79,261.46,261.952,36750,9626740.8446,341,262.72,261.625,262.72,261.68,0.00803778141849548,0.006269207129686559
20181123,10:02,10:02 AM,261.49,261.25,261.335,296,77355.28,5,261.94,261.13,261.479,32201,8419878.7846,395,261.25,261.49,261.51,261.3,0.005049572728461392,0.004452212661339858
20181123,10:03,10:03 AM,262.09,261.53,261.873,647,169431.81,8,262.25,261.367,261.835,30984,8112689.6467,445,261.53,261.87,261.5,261.659,0.007118628423748757,0.00581976029502146
20181123,10:04,10:04 AM,261.67,261.34,261.497,625,163435.5,7,261.9,261.27,261.508,22018,5757892.9361,294,261.62,261.34,261.9,261.49,0.005672596934105664,0.004563614013521774
20181123,10:05,10:05 AM,261.12,260.955,261.032,300,78309.5,3,261.61,260.55,260.928,43897,11453962.1291,397,261.12,261.02,261.25,260.9,0.0038842867142010714,0.0023355869698832364
20181123,10:06,10:06 AM,260.595,260.24,260.474,237,61732.38,3,261.02,260.14,260.531,25418,6622166.4182,352,260.595,260.24,260.9,260.46,0.0017383144503157356,0.0008105408727720219
20181123,10:07,10:07 AM,261.18,260.57,260.82,552,143972.72,6,261.35,260.4,260.885,18488,4823234.0198,272,260.57,260.84,260.456,260.4,0.003068971087061871,0.002170405654578971
20181123,10:08,10:08 AM,260.52,260,260.154,352,91574.32,7,260.9,259.61,260.053,68593,17837845.8057,660,260.52,260.23,260.75,260.105,0.0005076493527470945,-0.0010256607252612012
20181123,10:09,10:09 AM,260.23,260,260.122,450,117055,6,260.39,259.84,260.026,27578,7171000.3608,280,260,260.23,260.04,260.2,0.00038458284299029596,-0.0011293792255684647
20181123,10:10,10:10 AM,260.88,259.8,260.279,858,223319.64,11,261.06,259.39,260.112,74708,19432474.44,605,260.34,259.8,259.93,260.04,0.0009883779064848552,-0.0007990165949599339
20181123,10:11,10:11 AM,260,258.91,259.438,1250,324297.5,16,260.11,258.36,258.99,78548,20343139.0685,892,260,259.02,260,258.622,-0.00224596380306283,-0.005109096496619484
20181123,10:12,10:12 AM,259.36,258.06,258.445,795,205463.735,10,259.53,258.02,258.788,49761,12877540.666,596,259.36,258.09,258.597,258.386,-0.006064871433955582,-0.005885064535955679
20181123,10:13,10:13 AM,258.465,257,257.701,1576,406137.06,21,258.9,256.84,257.669,82516,21261849.536,1002,258.36,257.79,258.43,258.15,-0.008926167785802623,-0.010183620159803359
20181123,10:14,10:14 AM,258.395,258.225,258.31,200,51662,2,258.65,257.92,258.272,37009,9558376.4427,393,258.225,258.395,257.95,258.39,-0.006584058271992328,-0.007867240319606646
20181123,10:15,10:15 AM,258.775,257.095,258.13,1811,467473.615,26,258.94,257,257.911,88246,22759614.3643,898,258.39,257.095,258.33,257.28,-0.00727630738937473,-0.009253995082974769
20181123,10:16,10:16 AM,258,257.31,257.741,400,103096.5,4,258.55,257.25,257.743,21692,5590962.7265,335,257.31,258,257.55,258.14,-0.00877233464860668,-0.009899354640442526
20181123,10:17,10:17 AM,257.745,257.64,257.703,300,77311,3,258.14,257.33,257.637,19682,5070811.2472,285,257.725,257.745,258.077,257.704,-0.008918476128943,-0.010306545789797145
20181123,10:18,10:18 AM,258.39,257.61,257.884,300,77365.11,5,258.55,257.5,257.986,17609,4542877.8405,225,257.695,258.39,257.715,258.478,-0.008222381183130569,-0.008965888137676717
20181123,10:19,10:19 AM,258.49,257.995,258.179,702,181241.8,8,258.55,257.93,258.152,22071,5697665.125,308,258.12,258.02,258.45,258.045,-0.007087861796309611,-0.008328211432083614
20181123,10:20,10:20 AM,258.205,257.945,258.098,1075,277455.25,11,258.325,257.74,258.103,31068,8018734.9877,302,258.055,258.1,258.13,258.325,-0.007399373899131529,-0.008516441303011619
20181123,10:21,10:21 AM,257.99,257.685,257.816,928,239253.44,9,258.4,257.5,257.845,27864,7184603.8577,298,257.96,257.785,258.341,257.845,-0.008483897516364067,-0.009507529194836993
20181123,10:22,10:22 AM,258.325,257.74,257.906,2130,549340.25,18,258.5,257.64,258.006,42412,10942535.5145,345,257.74,258,257.85,258.323,-0.008137772957672757,-0.00888905961893063
20181123,10:23,10:23 AM,258.4,258.17,258.266,700,180786,7,258.5,258.09,258.278,12369,3194645.6707,214,258.21,258.215,258.14,258.217,-0.006753274722907953,-0.007844191763982688
20181123,10:24,10:24 AM,258.69,258.25,258.445,505,130514.6,6,258.8,258.094,258.426,16896,4366366.8136,251,258.25,258.69,258.25,258.8,-0.006064871433955582,-0.007275660725261238
20181123,10:25,10:25 AM,259.24,259.025,259.159,859,222617.74,7,259.45,258.6,259.077,37356,9678076.0579,335,259.025,259.16,258.6,259.328,-0.003318949935005498,-0.004774892440073736
20181123,10:26,10:26 AM,259.44,258.845,259.154,502,130095.52,6,259.712,258.681,259.565,104507,27126388.4814,359,259.44,258.845,259.3,259.09,-0.003338179077154991,-0.0029002765826674688
20181123,10:27,10:27 AM,259.32,258.81,259.205,1368,354593.11,12,259.346,258.77,259.139,18161,4706222.5861,267,258.81,259.3,258.979,259.055,-0.003142041827230032,-0.004536724031960599
20181123,10:28,10:28 AM,259.33,258.97,259.116,500,129558,5,259.44,258.85,259.123,17558,4549684.3593,196,258.985,259.22,259.3,259.35,-0.003484320557491312,-0.004598186846957601
20181123,10:29,10:29 AM,259.2,259,259.101,700,181370.5,7,259.355,258.79,259.106,14863,3851090.0586,215,259.145,259.105,259.22,258.9,-0.003542007983939791,-0.00466349108789182
20181123,10:30,10:30 AM,259.6,259.085,259.354,816,211632.88,9,259.7,258.953,259.422,17335,4497073.6406,196,259.085,259.305,259.09,259.15,-0.0025690133911746176,-0.003449600491702396
20181123,10:31,10:31 AM,259.31,258.52,258.934,1394,360953.84,11,259.31,258.5,258.774,31568,8168988.3032,336,259.26,258.65,259.15,258.644,-0.004184261331733336,-0.0059388444990780285
20181123,10:32,10:32 AM,258.92,258.765,258.85,499,129166.12,7,259.18,258.62,258.821,16240,4203251.0154,271,258.88,258.85,258.71,258.974,-0.004507310919845123,-0.005758297480024458
20181123,10:33,10:33 AM,259.28,259.02,259.204,1100,285124,11,259.4,258.84,259.182,30329,7860738.0523,280,259.02,259.16,259.07,258.95,-0.003145887655659843,-0.004371542716656334
20181123,10:34,10:34 AM,259.31,259.12,259.238,600,155543,6,259.44,258.95,259.24,13385,3469935.1206,128,259.12,259.26,259.172,259.27,-0.0030151294890432036,-0.004148740012292502
20181123,10:35,10:35 AM,259.74,259.5,259.604,300,77881.25,4,259.85,259.16,259.59,17386,4513236.5576,207,259.74,259.5,259.26,259.52,-0.0016075562836990961,-0.002804240934234858
20181123,10:36,10:36 AM,259.52,259.515,259.517,200,51903.5,2,259.772,259.01,259.504,15353,3984166.1827,154,259.52,259.515,259.408,259.465,-0.0019421433571005357,-0.00313460356484317
20181123,10:37,10:37 AM,259.235,259.085,259.16,200,51832,2,259.46,259.01,259.18,9733,2522598.6599,126,259.085,259.235,259.16,259.25,-0.003315104106575468,-0.004379225568530987
20181123,10:38,10:38 AM,259.4,259.3,259.344,225,58352.5,3,259.51,259.13,259.423,10745,2787503.0472,110,259.4,259.3,259.48,259.21,-0.0026074716754736034,-0.003445759065765179
20181123,10:39,10:39 AM,259.08,258.485,258.878,300,77663.5,3,259.31,258.44,258.77,35520,9191507.9825,400,259.08,258.485,259.21,258.57,-0.004399627723808006,-0.005954210202827334
20181123,10:40,10:40 AM,258.135,258,258.087,300,77426,3,258.52,257.8,258.129,21873,5646053.1051,302,258.125,258,258.52,257.87,-0.007441678011860544,-0.008416564228641572
20181123,10:41,10:41 AM,258.3,257.985,258.142,200,51628.5,2,258.498,257.667,258.032,14791,3816555.2729,206,257.985,258.3,257.87,258.21,-0.007230157448215903,-0.008789182544560584
20181123,10:42,10:42 AM,258.17,258.03,258.1,200,51620,2,258.48,257.89,258.168,12289,3172631.1754,125,258.03,258.17,258.18,258.245,-0.007391682242271687,-0.008266748617086612
20181123,10:43,10:43 AM,258.365,257.715,258.067,400,103227,4,258.475,257.65,257.937,27266,7032905.7039,209,258.365,257.715,258.13,257.98,-0.007518594580458515,-0.009154118008604722
20181123,10:44,10:44 AM,258.045,257.76,257.905,500,128952.5,5,258.3,257.55,257.953,14636,3775406.4628,166,257.76,258.045,258,258.144,-0.008141618786102787,-0.009092655193607939
20181123,10:45,10:45 AM,257.59,257.5,257.56,150,38634,2,258.117,257.45,257.665,20803,5360198.4508,225,257.59,257.5,258,257.68,-0.009468429594418891,-0.010198985863552446
20181123,10:46,10:46 AM,258.105,257.815,257.938,235,60615.525,4,258.25,257.63,257.999,6455,1665382.4062,103,257.815,258.105,257.74,258.054,-0.008014706447915958,-0.008915949600491586
20181123,10:47,10:47 AM,258.3,258.11,258.214,500,129107,3,258.38,257.99,258.228,7916,2044129.782,141,258.3,258.11,258.093,258.229,-0.006953257801262942,-0.008036263060848127
20181123,10:48,10:48 AM,258.5,258.105,258.27,504,130167.96,6,258.53,257.995,258.257,18379,4746500.1788,200,258.105,258.13,258.15,258.06,-0.006737891409188491,-0.00792486170866621
20181123,10:49,10:49 AM,258.09,257.94,258.025,400,103210,4,258.235,257.81,258.029,11605,2994422.8296,156,257.98,258.09,258.075,258.098,-0.007680119374514518,-0.008800706822372453
20181123,10:50,10:50 AM,258.44,258.225,258.332,200,51666.5,2,260.8,257.972,258.856,14044,3635379.7404,170,258.225,258.44,258.16,258.63,-0.006499450046534515,-0.005623847572218802
20181123,10:51,10:51 AM,259.11,258.445,258.785,500,129392.5,5,259.18,258.4,258.818,20765,5374357.7504,255,258.635,259.11,258.534,259.12,-0.00475728976778875,-0.005769821757836546
20181123,10:52,10:52 AM,259.27,259.09,259.18,702,181944.44,10,259.37,258.98,259.171,22429,5812935.185,231,259.09,259.13,259.103,259.18,-0.0032381875379774963,-0.004413798401966814
20181123,10:53,10:53 AM,259.28,258.87,259.029,400,103611.5,4,259.48,258.87,259.221,15843,4106834.531,211,259.28,258.975,259.24,258.93,-0.0038189076308927515,-0.0042217271051013736
20181123,10:54,10:54 AM,259.56,259.35,259.435,343,88986.08,5,259.65,258.81,259.32,19892,5158403.0993,229,259.35,259.56,258.94,259.57,-0.002257501288352482,-0.0038414259373079286
20181123,10:55,10:55 AM,259.665,259.51,259.597,2200,571113.5,20,259.85,259.412,259.646,25739,6683040.3312,285,259.625,259.63,259.59,259.84,-0.00163447708270843,-0.00258912108174546
20181123,10:56,10:56 AM,259.715,259.53,259.604,909,235980.13,10,259.83,259.46,259.67,24659,6403202.7472,247,259.68,259.57,259.66,259.57,-0.0016075562836990961,-0.0024969268592500665
20181123,10:57,10:57 AM,259.35,259.315,259.32,234,60680.9,3,259.73,259.202,259.475,15079,3912620.551,185,259.35,259.315,259.64,259.73,-0.002699771557791257,-0.0032460049170250863
20181123,10:58,10:58 AM,260.08,259.71,259.837,1905,494989.05,14,260.11,259.63,259.849,38816,10086310.4219,386,259.71,259.77,259.64,259.78,-0.0007114782595318945,-0.0018093116164720484
20181123,10:59,10:59 AM,259.79,259.53,259.668,576,149568.78,7,259.94,259.342,259.699,16765,4353846.8726,176,259.79,259.78,259.695,259.755,-0.0013614232641852805,-0.0023855255070681504
20181123,11:00,11 AM,259.98,259.63,259.736,1000,259736,10,259.98,259.5,259.72,24173,6278219.772,205,259.95,259.635,259.67,259.56,-0.0010999069309520016,-0.0023048555623846265
20181123,11:01,11:01 AM,260.18,259.6,259.733,570,148047.8,8,260.34,259.53,259.921,41332,10743040.3827,336,259.6,260.18,259.54,260.101,-0.0011114444162416536,-0.001532728948985867
20181123,11:02,11:02 AM,260.32,260.28,260.297,1000,260297,6,260.5,260.11,260.365,25588,6662213.9878,241,260.29,260.32,260.204,260.365,0.0010576028182232046,0.00017286416717891793
20181123,11:03,11:03 AM,260.41,260.29,260.35,282,73418.73,3,260.44,260.18,260.313,24113,6276934.8543,276,260.34,260.29,260.33,260.33,0.0012614317250080047,-0.000026889981561174716
20181123,11:04,11:04 AM,260.61,260.35,260.417,2189,570053.865,32,260.8,260.223,260.429,38001,9896563.4849,433,260.39,260.35,260.35,260.45,0.0015191022298112538,0.00041871542716648914
20181123,11:05,11:05 AM,260.5,260.27,260.376,856,222881.54,15,260.606,260.19,260.369,25960,6759169.1563,285,260.355,260.27,260.35,260.47,0.0013614232641852805,0.00018822987092822303
20181123,11:06,11:06 AM,260.5,260.32,260.444,409,106521.78,5,260.65,260.26,260.424,17716,4613675.8114,268,260.32,260.475,260.325,260.31,0.001622939597418778,0.00039950829747996695
20181123,11:07,11:07 AM,-1,-1,-1,0,0,0,260.74,260.35,260.561,11764,3065242.0967,111,,,260.5,260.67,,0.0009257836508911549
20181123,11:08,11:08 AM,260.73,260.64,260.692,1493,389213.32,21,260.78,260.55,260.67,17341,4520278.8101,208,260.66,260.69,260.67,260.72,0.0025767050480344582,0.0013444990780578623
20181123,11:09,11:09 AM,260.81,260.72,260.778,1263,329362.765,21,261.05,260.6,260.833,26366,6877117.5457,260,260.8,260.8,260.75,260.915,0.0029074462930060866,0.0019706515058390967
20181123,11:10,11:10 AM,261.03,261.01,261.016,100,26101.58,2,261.44,260.83,261.164,33810,8829958.8204,320,261.03,261.01,260.94,261.23,0.003822753459322781,0.0032421634910878693
20181123,11:11,11:11 AM,261.29,260.715,260.914,550,143502.5,6,261.31,260.52,261.069,26473,6911284.5412,194,261.29,260.95,261.21,260.87,0.0034304789594726444,0.0028772280270437296
20181123,11:12,11:12 AM,260.77,260.68,260.755,600,156453,10,260.92,260.56,260.698,18258,4759827.0523,153,260.77,260.68,260.89,260.709,0.0028189922391182445,0.0014520590043023429
20181123,11:13,11:13 AM,260.59,259.8,260.29,501,130405.39,5,260.807,259.79,260.155,34257,8912143.6813,329,260.57,260.09,260.76,260.075,0.0010306820192138707,-0.0006338352796558869
20181123,11:14,11:14 AM,259.9,259.42,259.703,830,215553.875,9,260.22,259.06,259.597,24750,6425030.5095,238,259.77,259.42,259.96,259.27,-0.00122681926913883,-0.002777350952673683
20181123,11:15,11:15 AM,259.15,259.15,259.15,100,25915,1,259.9,258.99,259.574,18263,4740608.1976,198,259.15,259.15,259.28,259.76,-0.0033535623908746725,-0.0028657037492316414
20181123,11:16,11:16 AM,259.7,259.68,259.69,200,51938,2,259.81,259.45,259.622,13494,3503341.48,132,259.68,259.7,259.74,259.81,-0.0012768150387274678,-0.002681315304240854
20181123,11:17,11:17 AM,260.6,260.1,260.35,200,52070,2,260.78,259.68,260.172,24519,6379159.6962,202,260.1,260.6,259.81,260.25,0.0012614317250080047,-0.0005685310387214494
20181123,11:18,11:18 AM,260.335,260.33,260.334,100,26033.375,2,260.674,260.07,260.389,12716,3311111.0741,181,260.33,260.335,260.52,260.2,0.0011998984701294961,0.00026505838967431173
20181123,11:19,11:19 AM,260.075,260.075,260.075,50,13003.75,1,260.37,259.91,260.121,20044,5213867.1013,235,260.075,260.075,260.24,259.94,0.00020382890678480003,-0.000764443761524325
20181123,11:20,11:20 AM,260.3,260.28,260.284,125,32535.5,2,260.344,259.789,260.069,7490,1947919.2596,136,260.28,260.3,259.965,260.297,0.001007607048634348,-0.0009641979102641993
20181123,11:21,11:21 AM,260.15,260.15,260.15,100,26015,1,260.31,259.75,259.955,6902,1794211.9052,109,260.15,260.15,260.2,259.79,0.0004922660390274127,-0.001402120467117429
20181123,11:22,11:22 AM,259.52,259.52,259.52,100,25952,1,259.96,259.511,259.764,10046,2609591.419,175,259.52,259.52,259.69,259.88,-0.0019306058718108836,-0.0021358328211431438
20181123,11:23,11:23 AM,-1,-1,-1,0,0,0,260.047,259.77,259.865,6702,1741614.7464,102,,,259.81,259.93,,-0.0017478488014750465
20181123,11:24,11:24 AM,259.9,259.68,259.789,313,81313.91,5,259.94,259.61,259.771,22092,5738853.232,233,259.86,259.9,259.94,259.765,-0.0008960780241672016,-0.002108942839581969
20181123,11:25,11:25 AM,259.93,259.76,259.817,150,38972.5,2,259.94,259.6,259.784,9085,2360140.9339,129,259.76,259.93,259.66,259.94,-0.0007883948281298663,-0.002059004302397055
20181123,11:26,11:26 AM,259.98,259.74,259.896,350,90963.5,4,260,259.74,259.886,7241,1881834.7977,87,259.94,259.98,259.845,259.922,-0.0004845743821675718,-0.0016671788567915223
20181123,11:27,11:27 AM,259.7,259.5,259.595,220,57111,3,259.94,259.42,259.654,12485,3241786.9032,164,259.7,259.51,259.72,259.85,-0.0016421687395680523,-0.0025583896742470682
20181123,11:28,11:28 AM,-1,-1,-1,0,0,0,260,259.624,259.881,10944,2844135.1185,139,,,259.75,259.78,,-0.0016863859864782629
20181123,11:29,11:29 AM,259.55,258.95,259.168,739,191524.99,10,259.77,258.8,259.297,35699,9256655.8303,409,259.55,258.95,259.749,259.01,-0.003284337479136323,-0.003929778733865887
20181123,11:30,11:30 AM,259.015,258.77,258.857,225,58242.855,4,259.24,258.77,258.947,24863,6438205.3862,218,258.91,259.015,258.825,259.015,-0.004480390120835789,-0.0052742778119237495
20181123,11:31,11:31 AM,-1,-1,-1,0,0,0,259.215,258.77,258.994,13098,3392303.8866,137,,,259.015,259.06,,-0.005093730792870179
20181123,11:32,11:32 AM,259.29,259.08,259.196,1210,313626.8,11,259.36,258.28,259.144,10764,2789421.4537,168,259.1,259.19,259.05,259.02,-0.003176654283098988,-0.004517516902274077
20181123,11:33,11:33 AM,-1,-1,-1,0,0,0,259.6,259.02,259.333,7495,1943701.3197,90,,,259.02,259.435,,-0.0037914874001227965
20181123,11:34,11:34 AM,259.75,259.36,259.642,729,189278.79,8,259.897,259.344,259.599,14543,3775345.489,217,259.51,259.75,259.354,259.792,-0.001461414803362775,-0.0027696681007990305
20181123,11:35,11:35 AM,-1,-1,-1,0,0,0,259.768,259.51,259.728,9711,2522215.5124,55,,,259.69,259.652,,-0.0022741241548862342
20181123,11:36,11:36 AM,259.56,259.56,259.56,100,25956,2,259.747,259.35,259.476,5834,1513785.3165,103,259.56,259.56,259.61,259.35,-0.0017767727346147215,-0.0032421634910878693
20181123,11:37,11:37 AM,259.34,258.95,259.104,1177,304964.985,17,259.46,258.92,259.111,16793,4351244.0679,221,259.34,258.985,259.35,259.05,-0.003530470498650139,-0.004644283958205298
20181123,11:38,11:38 AM,259.045,258.895,258.944,715,185145.05,13,259.29,258.828,259.011,14439,3739864.4253,235,258.93,259.045,258.91,259.19,-0.00414580304743435,-0.00502842655193596
20181123,11:39,11:39 AM,259.48,259.19,259.323,1418,367720.275,11,259.5,259.095,259.352,16123,4181530.5556,155,259.19,259.48,259.167,259.465,-0.002688234072501605,-0.0037185003073141433
20181123,11:40,11:40 AM,-1,-1,-1,0,0,0,259.49,259.2,259.376,7534,1954137.0708,124,,,259.315,259.21,,-0.0036263060848187494
20181123,11:41,11:41 AM,259.245,259,259.109,855,221538.17,8,259.337,258.95,259.12,7454,1931481.5832,132,259.245,259.13,259.245,259.228,-0.003511241356500646,-0.004609711124769471
20181123,11:42,11:42 AM,259.505,259.19,259.296,334,86604.97,3,259.6,259.19,259.442,11666,3026650.0147,132,259.19,259.505,259.19,259.6,-0.0027920714401089104,-0.003372771972956307
20181123,11:43,11:43 AM,259.34,259.26,259.274,562,145712.12,2,259.51,259.14,259.345,11169,2896628.6816,91,259.34,259.26,259.487,259.237,-0.0028766796655667233,-0.0037453902888750995
20181123,11:44,11:44 AM,-1,-1,-1,0,0,0,259.52,259.221,259.4,9664,2506844.2756,132,,,259.26,259.46,,-0.0035341118623233555
20181123,11:45,11:45 AM,259.6,259.46,259.557,500,129778.5,4,259.65,259.37,259.541,10444,2710644.39,141,259.46,259.575,259.37,259.596,-0.0017883102199043736,-0.0029924708051628627
20181123,11:46,11:46 AM,259.54,259.455,259.478,369,95747.395,2,259.8,259.4,259.623,13736,3566174.788,206,259.54,259.455,259.565,259.58,-0.002092130665866668,-0.002677473878303637
20181123,11:47,11:47 AM,259.495,259.41,259.445,300,77833.5,3,259.708,259.15,259.389,14087,3654016.6085,125,259.495,259.41,259.605,259.15,-0.0022190430040534962,-0.0035763675476336173
20181123,11:48,11:48 AM,259.31,259.095,259.186,473,122594.935,2,259.43,258.89,259.125,12138,3145264.7606,144,259.31,259.095,259.37,259.04,-0.0032151125673981922,-0.0045905039950829485
20181123,11:49,11:49 AM,258.985,258.88,258.908,500,129453.82,6,259.298,258.82,259.007,19528,5057885.198,264,258.9,258.985,259,259.111,-0.00428425287091083,-0.005043792255685265
20181123,11:50,11:50 AM,258.67,258.67,258.67,50,12933.5,1,259.11,258.67,258.829,16129,4174654.5234,165,258.67,258.67,259.09,258.699,-0.005199560037227525,-0.005727566072526066
20181123,11:51,11:51 AM,258.67,258.34,258.468,1242,321017.865,14,258.77,258.27,258.544,37436,9678860.6959,343,258.67,258.35,258.77,258.35,-0.005976417380067739,-0.006822372464658922
20181123,11:52,11:52 AM,258.585,258.36,258.462,642,165932.62,8,258.744,258.26,258.489,27513,7111813.8513,224,258.42,258.385,258.42,258.665,-0.005999492350647262,-0.007033650891210884
20181123,11:53,11:53 AM,258.99,258.99,258.99,100,25899,1,259.06,258.54,258.903,5161,1336200.1375,91,258.99,258.99,258.788,259.06,-0.003968894939658884,-0.005443300553165232
20181123,11:54,11:54 AM,258.98,258.72,258.828,1017,263228.265,12,259.05,258.5,258.812,17379,4497891.1309,187,258.98,258.72,258.965,258.6,-0.004591919145303155,-0.005792870313460285
20181123,11:55,11:55 AM,258.62,258.585,258.598,729,188518.255,8,258.72,258.437,258.548,16786,4339981.7187,229,258.595,258.585,258.595,258.62,-0.005476459684180485,-0.0068070067609096166
20181123,11:56,11:56 AM,258.9,258.75,258.806,2845,736304.475,23,259,258.467,258.787,23702,6133775.542,230,258.75,258.795,258.513,258.866,-0.004676527370760967,-0.0058889059618931145
20181123,11:57,11:57 AM,258.81,258.505,258.608,1132,292744.53,10,258.932,258.469,258.629,17512,4529111.1095,165,258.81,258.505,258.87,258.52,-0.0054380013998815,-0.006495851259987608
20181123,11:58,11:58 AM,258.79,258.5,258.676,554,143306.61,8,258.85,258.43,258.61,12583,3254085.4784,218,258.5,258.79,258.48,258.749,-0.0051764850666482206,-0.00656883835279648
20181123,11:59,11:59 AM,258.68,258.585,258.601,600,155160.5,9,258.87,258.53,258.691,11270,2915446.5706,158,258.585,258.68,258.663,258.75,-0.005464922198890833,-0.006257682851874689
20181123,12:00,12 PM,259.56,258.57,259.18,733,189978.73,12,259.7,258.54,259.172,39158,10148646.543,489,258.6,259.56,258.63,259.45,-0.0032381875379774963,-0.0044099569760293784
20181123,12:01,12:01 PM,259.635,259.56,259.617,860,223270.6,7,259.75,259.386,259.609,18579,4823275.065,273,259.635,259.59,259.54,259.692,-0.0015575605141102396,-0.0027312538414259865
20181123,12:02,12:02 PM,259.64,259.455,259.578,672,174436.225,12,259.76,259.4,259.572,11834,3071776.5593,171,259.64,259.455,259.76,259.7,-0.0017075478228765907,-0.002873386601106294
20181123,12:03,12:03 PM,259.885,259.88,259.883,300,77965,3,259.96,259.45,259.86,29419,7644817.052,258,259.88,259.885,259.537,259.72,-0.0005345701517564283,-0.0017670559311615687
20181123,12:04,12:04 PM,259.9,259.9,259.9,100,25990,2,260.05,259.552,259.847,18412,4784303.2538,219,259.9,259.9,259.64,259.655,-0.0004691910684481086,-0.001816994468346701
20181123,12:05,12:05 PM,259.73,259.73,259.73,200,51946,2,259.77,259.433,259.655,11620,3017195.3168,136,259.73,259.73,259.65,259.576,-0.0011229819015313057,-0.002554548248309851
20181123,12:06,12:06 PM,-1,-1,-1,0,0,0,260.5,259.67,260.125,19186,4990754.1693,252,,,259.69,260.05,,-0.0007490780577750199
20181123,12:07,12:07 PM,259.995,259.47,259.758,458,118969.15,5,260.09,259.319,259.696,15052,3908946.3787,220,259.98,259.47,260.05,259.35,-0.001015298705494189,-0.00239704978488002
20181123,12:08,12:08 PM,259.69,259.25,259.36,400,103744,3,259.91,259.21,259.481,11081,2875308.2549,147,259.25,259.69,259.372,259.793,-0.002545938420595095,-0.003222956361401347
20181123,12:09,12:09 PM,-1,-1,-1,0,0,0,259.9,259.44,259.695,11633,3021037.3333,113,,,259.66,259.611,,-0.0024008912108174556
20181123,12:10,12:10 PM,259.715,259.71,259.715,102,26490.92,2,260.16,259.46,259.785,9153,2377808.9718,154,259.715,259.71,259.5,260.16,-0.0011806693279800033,-0.0020551628764596194
20181123,12:11,12:11 PM,260.16,260.05,260.154,106,27576.3,3,260.17,259.84,260.059,5545,1442027.7967,79,260.05,260.16,260.095,260.079,0.0005076493527470945,-0.0010026121696372437
20181123,12:12,12:12 PM,260.02,259.7,259.802,900,233822.16,10,260.15,259.63,259.815,9966,2589314.4367,147,260.02,259.7,260.066,259.726,-0.0008460822545783451,-0.0019399200983404865
20181123,12:13,12:13 PM,-1,-1,-1,0,0,0,260.03,259.63,259.709,16331,4241300.4104,111,,,259.877,260.03,,-0.002347111247695106
20181123,12:14,12:14 PM,260.17,260.17,260.17,100,26017,1,260.269,259.92,260.106,13145,3419090.7201,135,260.17,260.17,259.981,260.157,0.000569182607625603,-0.0008220651505838916
20181123,12:15,12:15 PM,260.27,260.15,260.269,101,26287.15,2,260.5,260.11,260.269,18489,4812109.4339,195,260.15,260.27,260.11,260.5,0.0009499196221858693,-0.0001959127228026572
20181123,12:16,12:16 PM,-1,-1,-1,0,0,0,260.5,260.153,260.382,12494,3253214.4839,125,,,260.421,260.171,,0.000238168408113137
20181123,12:17,12:17 PM,260.29,260.29,260.29,100,26029,1,260.55,260.15,260.42,9423,2453937.6251,112,260.29,260.29,260.307,260.55,0.0010306820192138707,0.00038414259373088024
20181123,12:18,12:18 PM,260.42,260.13,260.295,310,80691.5,5,260.45,260.05,260.266,10289,2677873.7464,120,260.42,260.13,260.45,260.07,0.0010499111613633638,-0.00020743700061452683
20181123,12:19,12:19 PM,260.16,259.9,260,850,221000,5,260.4,259.83,260.099,13720,3568552.8939,170,260.16,259.9,260.18,259.83,-0.00008460822545781264,-0.0008489551321450662
20181123,12:20,12:20 PM,259.81,259.39,259.551,1405,364668.95,14,260.047,259.39,259.642,28355,7362160.3313,235,259.81,259.51,259.964,259.559,-0.0018113851904838962,-0.002604486785494765
20181123,12:21,12:21 PM,259.56,259.29,259.454,735,190699.09,9,259.56,259.18,259.371,16688,4328390.29,225,259.475,259.5,259.42,259.51,-0.0021844305481843215,-0.0036455132145052716
20181123,12:22,12:22 PM,259.54,259.53,259.533,100,25953.29,3,259.805,259.341,259.58,13572,3523027.0892,171,259.54,259.53,259.5,259.64,-0.001880610102222027,-0.002842655193607902
20181123,12:23,12:23 PM,259.64,259.44,259.616,300,77884.8,5,259.85,259.44,259.653,5571,1446526.652,93,259.64,259.44,259.76,259.49,-0.0015614063425402694,-0.0025622311001842852
20181123,12:24,12:24 PM,259.23,259.12,259.204,250,64801,4,259.64,259.12,259.311,8717,2260414.3652,128,259.23,259.12,259.56,259.22,-0.003145887655659843,-0.003875998770743756
20181123,12:25,12:25 PM,259.28,259.25,259.265,200,51853,2,259.47,259.13,259.337,9438,2447627.1055,125,259.28,259.25,259.13,259.35,-0.002911292121435898,-0.00377612169637371
20181123,12:26,12:26 PM,259.47,259.425,259.426,59,15306.165,2,259.7,259.25,259.54,8310,2156775.5522,139,259.47,259.425,259.335,259.5,-0.0022921137442216567,-0.0029963122311000797
20181123,12:27,12:27 PM,259.32,259.32,259.32,100,25932,1,259.55,259.25,259.422,10500,2723932.0447,161,259.32,259.32,259.33,259.352,-0.002699771557791257,-0.003449600491702396
20181123,12:28,12:28 PM,259.53,259.12,259.372,130,33718.4,2,259.54,259,259.232,8337,2161215.1039,146,259.12,259.53,259.405,259.32,-0.002499788479436268,-0.004179471419790894
20181123,12:29,12:29 PM,259.35,259.34,259.344,100,25934.37,2,259.55,259.31,259.42,2667,691873.823,80,259.35,259.34,259.43,259.356,-0.0026074716754736034,-0.0034572833435770486
20181123,12:30,12:30 PM,259.23,259.23,259.23,100,25923,1,259.42,259,259.208,10264,2660512.3041,187,259.23,259.23,259.363,259.28,-0.0030458961164823483,-0.0042716656422862875
20181123,12:31,12:31 PM,259.19,259.19,259.19,100,25919,1,259.28,259.092,259.178,13451,3486199.4902,181,259.19,259.19,259.27,259.203,-0.0031997292536785106,-0.004386908420405639
20181123,12:32,12:32 PM,259.49,259.28,259.415,425,110251.25,6,259.64,259.172,259.432,16259,4218097.4039,163,259.28,259.49,259.28,259.528,-0.002334417856950454,-0.0034111862323293516
20181123,12:33,12:33 PM,-1,-1,-1,0,0,0,259.67,259.41,259.544,9740,2527955.4504,126,,,259.6,259.67,,-0.002980946527350993
20181123,12:34,12:34 PM,259.785,259.68,259.728,400,103891,4,259.85,259.48,259.703,16711,4339894.373,191,259.785,259.68,259.594,259.606,-0.0011306735583911467,-0.0023701598033190638
20181123,12:35,12:35 PM,259.7,259.49,259.583,300,77875,3,259.81,259.37,259.538,6555,1701273.7197,117,259.7,259.49,259.66,259.65,-0.001688318680726879,-0.0030039950829747323
20181123,12:36,12:36 PM,259.63,259.63,259.63,81,21030.03,1,259.795,259.52,259.682,6621,1719356.5204,89,259.63,259.63,259.665,259.656,-0.0015075647445216018,-0.0024508297480023695
20181123,12:37,12:37 PM,259.67,259.43,259.548,228,59177.07,4,259.755,259.18,259.582,11766,3054240.9139,173,259.67,259.435,259.632,259.24,-0.0018229226757735483,-0.0028349723417332496
20181123,12:38,12:38 PM,259.43,259.43,259.43,100,25943,1,259.56,259.292,259.408,6398,1659693.3484,109,259.43,259.43,259.359,259.3,-0.002276730430501975,-0.0035033804548247455
20181123,12:39,12:39 PM,259.38,259.38,259.38,200,51876,2,259.46,259.18,259.339,9146,2371916.6231,143,259.38,259.38,259.43,259.23,-0.002469021851997123,-0.0037684388444990573
20181123,12:40,12:40 PM,259.255,259.07,259.161,200,51832.145,3,259.37,258.91,259.113,13330,3453977.4286,206,259.255,259.07,259.234,259.13,-0.003311258278145657,-0.004636601106330645
20181123,12:41,12:41 PM,259.39,259.33,259.36,200,51872,3,259.487,259.13,259.335,9545,2475350.2529,149,259.39,259.33,259.15,259.185,-0.002545938420595095,-0.0037838045482483625
20181123,12:42,12:42 PM,259.3,259.26,259.28,300,77784,3,259.37,259.124,259.271,9318,2415883.5833,174,259.28,259.26,259.22,259.124,-0.002853604694987419,-0.004029655808235933
20181123,12:43,12:43 PM,259.03,258.98,258.988,100,25898.75,2,259.25,258.9,259.023,13555,3511054.2902,190,259.03,258.98,259.05,258.98,-0.003976586596518725,-0.004982329440688263
20181123,12:44,12:44 PM,259.055,258.86,258.958,328,84938.22,6,259.1,258.817,258.952,10775,2790213.5238,164,259.04,258.86,259.03,259.02,-0.0040919614494156825,-0.005255070682237227
20181123,12:45,12:45 PM,259.15,259.045,259.106,416,107787.9,5,259.29,258.88,259.14,14623,3789412.6231,156,259.045,259.1,258.88,259.177,-0.003522778841790298,-0.004532882606023382
20181123,12:46,12:46 PM,259.17,259.17,259.17,100,25917,1,259.33,258.69,259.007,22358,5790868.0318,280,259.17,259.17,259.164,258.724,-0.003276645822276482,-0.005043792255685265
20181123,12:47,12:47 PM,258.85,258.64,258.723,320,82791.5,4,259.038,258.5,258.697,25615,6626534.8521,325,258.67,258.85,258.69,258.95,-0.004995731130442725,-0.006234634296250732
20181123,12:48,12:48 PM,258.93,258.82,258.869,152,39348.16,3,259.22,258.77,258.993,20873,5405969.7039,319,258.93,258.82,258.959,259.2,-0.004434240179676962,-0.005097572218807614
20181123,12:49,12:49 PM,259.39,259.25,259.327,300,77798,3,259.85,259.122,259.447,23325,6051593.2857,330,259.34,259.39,259.23,259.776,-0.002672850758781923,-0.003353564843269785
20181123,12:50,12:50 PM,259.71,259.55,259.618,700,181733,7,259.76,259.497,259.598,18129,4706249.6296,237,259.71,259.63,259.76,259.516,-0.0015537146856804285,-0.002773509526736248
20181123,12:51,12:51 PM,259.28,259.03,259.127,300,77738,3,259.59,259.02,259.168,29132,7550079.8804,395,259.28,259.03,259.55,259.03,-0.0034420164447622964,-0.004425322679778684
20181123,12:52,12:52 PM,259.17,258.92,259.072,400,103629,4,259.2,258.77,258.999,29637,7675954.7139,360,259.1,259.1,259.09,259.098,-0.003653537008406937,-0.0050745236631836565
20181123,12:53,12:53 PM,259.18,259.085,259.124,402,104167.83,5,259.29,259.04,259.165,17725,4593704.5005,211,259.18,259.12,259.17,259.1,-0.0034535539300519485,-0.004436846957590553
20181123,12:54,12:54 PM,259.145,259.09,259.112,300,77733.5,3,259.22,259.07,259.166,20933,5425121.3211,212,259.145,259.09,259.19,259.156,-0.0034997038712107752,-0.004433005531653336
20181123,12:55,12:55 PM,258.975,258.88,258.926,601,155614.42,8,259.26,258.84,258.984,17592,4556039.932,266,258.92,258.92,259.25,258.996,-0.004215027959172699,-0.005132145052243442
20181123,12:56,12:56 PM,259.09,258.85,258.949,700,181264,6,259.13,258.78,258.97,26223,6790977.85,346,258.94,259.09,258.94,259.11,-0.004126573905284857,-0.005185925015365573
20181123,12:57,12:57 PM,259.06,258.86,258.94,300,77682,9,259.13,258.79,258.91,21422,5546366.4258,306,259.06,258.9,259.09,258.85,-0.004161186361154032,-0.0054164105716040575
20181123,12:58,12:58 PM,258.92,258.73,258.785,721,186583.72,10,258.96,258.72,258.84,24498,6341057.9451,337,258.83,258.92,258.81,258.91,-0.00475728976778875,-0.005685310387215804
20181123,12:59,12:59 PM,258.92,258.7,258.854,736,190516.41,11,258.99,258.64,258.851,47572,12314073.608,595,258.92,258.7,258.82,258.82,-0.00449192760612566,-0.0056430547019053244